Scenario,Mode,Algorithm,Runs feasible,Evaluations,Lowest cost (median),Cost gap % (median),Emission gap % (median),Curtailment above floor MWh (median),HV median,HV IQR,Archive size (median)
30%,Deterministic,HADE-NS,30/30,"25,180","10,786,233.9",6.33,4.36,439.6,0.1336,"[0.1282, 0.1392]",20
30%,Deterministic,NSGA-II,30/30,"25,100","10,972,644.2",8.17,4.75,434.7,0.0869,"[0.0825, 0.0903]",41
30%,Deterministic,MOPSO,30/30,"25,100","10,697,540.2",5.46,3.60,81.2,0.2959,"[0.2185, 0.3286]",14
30%,Deterministic,MOEA/D,30/30,"25,095","10,939,380.1",7.84,4.55,189.1,0.1142,"[0.1084, 0.1215]",189
30%,Robust,HADE-NS,30/30,"25,180","10,862,598.0",6.49,4.41,487.4,0.1389,"[0.1285, 0.1444]",20
30%,Robust,NSGA-II,30/30,"25,100","11,040,714.4",8.24,4.77,443.0,0.0915,"[0.0879, 0.0933]",44
30%,Robust,MOPSO,30/30,"25,100","10,772,573.2",5.61,3.61,111.2,0.2995,"[0.2212, 0.3246]",13
30%,Robust,MOEA/D,30/30,"25,095","11,001,542.4",7.86,4.57,199.3,0.1205,"[0.1142, 0.1262]",171
50%,Deterministic,HADE-NS,30/30,"25,180","9,955,238.7",4.71,3.40,570.7,0.1407,"[0.1321, 0.1508]",21
50%,Deterministic,NSGA-II,30/30,"25,100","10,122,044.0",6.46,3.87,760.9,0.0680,"[0.0635, 0.0729]",39
50%,Deterministic,MOPSO,30/30,"25,100","9,883,500.8",3.96,2.67,90.3,0.3507,"[0.3082, 0.3751]",14
50%,Deterministic,MOEA/D,30/30,"25,095","10,107,015.5",6.31,3.65,294.2,0.1033,"[0.0954, 0.1129]",148
50%,Robust,HADE-NS,30/30,"25,180","10,064,427.5",4.89,3.54,528.6,0.1427,"[0.1371, 0.1488]",20
50%,Robust,NSGA-II,30/30,"25,100","10,244,187.2",6.77,4.03,764.0,0.0660,"[0.0624, 0.0719]",38
50%,Robust,MOPSO,30/30,"25,100","10,006,619.0",4.29,2.84,89.2,0.3287,"[0.2702, 0.3693]",12
50%,Robust,MOEA/D,30/30,"25,095","10,224,792.1",6.56,3.80,259.1,0.1051,"[0.0966, 0.1123]",192
70%,Deterministic,HADE-NS,30/30,"25,180","9,230,190.6",2.91,2.30,940.0,0.1594,"[0.1494, 0.1690]",17
70%,Deterministic,NSGA-II,30/30,"25,100","9,378,293.1",4.56,2.96,1426.3,0.0323,"[0.0280, 0.0362]",33
70%,Deterministic,MOPSO,30/30,"25,100","9,135,151.8",1.85,1.46,34.8,0.5600,"[0.5074, 0.5907]",10
70%,Deterministic,MOEA/D,30/30,"25,095","9,356,256.2",4.31,2.51,332.3,0.1208,"[0.1155, 0.1261]",162
70%,Robust,HADE-NS,30/30,"25,180","9,390,302.3",3.37,2.58,836.2,0.1430,"[0.1317, 0.1573]",19
70%,Robust,NSGA-II,30/30,"25,100","9,544,225.4",5.07,3.20,1287.8,0.0344,"[0.0313, 0.0388]",34
70%,Robust,MOPSO,30/30,"25,100","9,297,792.0",2.35,1.73,50.2,0.5126,"[0.4821, 0.5413]",10
70%,Robust,MOEA/D,30/30,"25,095","9,531,830.4",4.93,2.87,352.2,0.1100,"[0.0989, 0.1170]",182
